{"phenotypes": [0.4819058676210245, 0.5914995414047772, 0.6230446763932582, 0.943709639913487, 0.8175972478042927, 0.8807077524380992, 0.8901434944425793, 0.9886310150338493, 0.5606160083377625, 0.8647705270058937, 0.8099789036586854, 0.9928674570404905, 0.9006149618317828, 0.9796143074214055, 0.9685512495828831, 0.999061153421362], "n_replicates": 1, "wildtype": ["0", "0", "0", "0"], "mutations": {"0": ["0", "1"], "1": ["0", "1"], "2": ["0", "1"], "3": ["0", "1"]}, "stdeviations": null, "genotypes": ["0000", "0001", "0010", "0011", "0100", "0101", "0110", "0111", "1000", "1001", "1010", "1011", "1100", "1101", "1110", "1111"], "log_transform": false}